0,1,2,3,4,5,6,7,8,9,10,11,12,13,14,15,16,17,18,19,20,21,22,23,24,25,26,27,28,29,30,31,32,33,34,35,36,37,38,39,40,41
1,-20.5493103448,,,-20.83575,,,,-11.1744262295,,,-11.2879761905,,,,-8.8890123457,,,-9.5501136364,,,,-27.9225,,,-30.47,,,,-18.6373417722,,,-18.5680882353,,,,,,,,,
2,0.1wt% kaolinite,,,,,,,0.1wt% feldspar,,,,,,,1wt% feldspar,,,,,,,milliq,,,,,,,1wt% koalinite,,,,,,,,,,,,
3,glass slide,,,filter ,,,,glass slide,,,filter,,,,glass slide,,,filter,,,,glass slide,,,filter,,,,glass slide,,,filter,,,,,,,,,
4,-12.2,0.0114942529,11560.822401076,-10.39,0.0125,12578.7822068601,,-8.94,0.0163934426,16529.3019512106,-8.05,0.0119047619,11976.1910467157,1,-5.54,0.0125,12578.7822068601,-6.72,0.0113636364,11428.6958236227,,-18.61,0.0166666667,16807.1183163813,-15.31,0.0131578947,13245.2267500207,,-10.03,0.0126582278,12739.0257774297,-10.24,0.0147058824,14815.0857851406,,-1,-1,,,,
5,-12.53,0.0229885057,23256.8621642672,-14.67,0.025,25317.8079842899,,-9.05,0.0327868852,33336.4202675918,-8.1,0.0238095238,24097.5515790605,2,-7.04,0.025,25317.8079842899,-7.33,0.0227272727,22989.5182246987,,-21.59,0.0333333333,33901.5516756813,-19.69,0.0263157895,26668.2470821613,,-14.43,0.0253164557,25642.4306133377,-10.66,0.0294117647,29852.9631496812,,-3,-3,,,,
6,-12.81,0.0344827586,35091.3198112701,-15.16,0.0375,38221.2128201977,,-9.19,0.0491803279,50430.853626892,-8.38,0.0357142857,36367.6441708748,3,-7.39,0.0375,38221.2128201977,-7.61,0.0340909091,34685.55798789,,-22.49,0.05,51293.2943875506,-23.19,0.0394736842,40273.89913794,,-14.5,0.0379746835,38714.5121806904,-11.53,0.0441176471,45120.4352804696,,-10,-10,,,,
7,-14.33,0.0459770115,47067.5108579857,-15.56,0.05,51293.2943875506,,-9.31,0.0655737705,67822.5963387611,-8.89,0.0476190476,48790.1641694321,4,-7.46,0.05,51293.2943875506,-7.64,0.0454545455,46520.0156348928,,-23.21,0.0666666667,68992.8714869514,-23.89,0.0526315789,54067.2212702757,,-15.01,0.0506329114,51959.7389307111,-14.16,0.0588235294,60624.6218164349,,-30,-30,,,,
8,-14.35,0.0574712644,59188.8713903307,-15.87,0.0625,64538.5211375712,,-9.45,0.0819672131,85522.173438162,-9.06,0.0595238095,61368.9463762921,5,-7.59,0.0625,64538.5211375712,-7.73,0.0568181818,58496.2066816085,,-23.54,0.0833333333,87011.3769896298,-24.46,0.0657894737,68053.4632450157,,-15.87,0.0632911392,65382.7592628517,-14.53,0.0735294118,76372.978784574,,-40,-40,,,,
9,-15.58,0.0689655172,71458.963982145,-16.39,0.075,77961.5414697118,,-9.46,0.0983606557,103540.67894084,-9.22,0.0714285714,74107.9721537219,6,-7.74,0.075,77961.5414697118,-7.74,0.0681818182,70617.5672139533,,-23.59,0.1,105360.515657826,-24.57,0.0789473684,82238.0982369721,,-16.63,0.0759493671,78988.4113186303,-15.63,0.0882352941,92373.3201310152,,,,,,,
10,-16.14,0.0804597701,83881.4839807021,-16.68,0.0875,91567.1935254905,,-9.53,0.1147540984,121889.817609037,-9.24,0.0833333333,87011.3769896298,7,-7.74,0.0875,91567.1935254905,-7.94,0.0795454545,82887.6598057678,,-23.86,0.1166666667,124052.648669979,-25.11,0.0921052632,96626.8356890716,,-16.69,0.0886075949,92781.7334509662,-16.37,0.1029411765,108633.841002795,,,,,,,
11,-16.43,0.091954023,96460.2661875622,-17.21,0.1,105360.515657826,,-9.74,0.131147541,140581.950621189,-9.37,0.0952380952,100083.458556983,8,-7.84,0.1,105360.515657826,-8,0.0909090909,95310.1798043249,,-23.93,0.1333333333,143100.843640673,-25.16,0.1052631579,111225.635110224,,-16.73,0.1012658228,106767.975425706,-16.65,0.1176470588,125163.142954006,,,,,,,
12,-16.87,0.1034482759,109199.291964992,-17.25,0.1125,119346.757632566,,-9.8,0.1475409836,159630.145591884,-9.46,0.1071428571,113328.685307003,9,-8,0.1125,119346.757632566,-8.09,0.1022727273,107888.962011185,,-24.26,0.15,162518.929497775,-28.22,0.1184210526,126040.720895365,,-16.78,0.1139240506,120952.610417663,-16.68,0.1323529412,141970.261270387,,,,,,,
13,-17.24,0.1149425287,122102.6968009,-17.48,0.125,133531.392624523,,-10.23,0.1639344262,179048.231448985,-9.52,0.119047619,126751.705639144,10,-8.16,0.125,133531.392624523,-8.15,0.1136363636,120627.987788615,,-24.4,0.1666666667,182321.556793955,-28.44,0.1315789474,141078.598259906,,-16.93,0.1265822785,135341.347869762,-16.73,0.1470588235,159064.694629687,,,,,,,
14,-17.38,0.1264367816,135174.778368253,-17.48,0.1375,147920.130076622,,-10.23,0.1803278689,198850.858745165,-9.67,0.130952381,140357.357694922,11,-8.19,0.1375,147920.130076622,-8.16,0.125,133531.392624523,,-25.14,0.1833333333,202524.264111474,-28.86,0.1447368421,156346.070390694,,-17,0.1392405063,149940.147290915,-16.79,0.1617647059,176456.437341557,,,,,,,
15,-17.47,0.1379310345,148420.005118273,-17.62,0.15,162518.929497775,,-10.33,0.1967213115,219053.566062685,-9.74,0.1428571429,154150.679827258,12,-8.22,0.15,162518.929497775,-8.37,0.1363636364,146603.474191875,,-25.37,0.2,223143.55131421,-29.25,0.1578947368,171850.256926659,,-17.09,0.1518987342,164755.233076055,-17.02,0.1764705882,194156.014440958,,,,,,,
16,-17.62,0.1494252874,161843.025450414,-18.02,0.1625,177334.015282916,,-10.33,0.2131147541,239672.85326542,-9.8,0.1547619048,168136.921801998,13,-8.22,0.1625,177334.015282916,-8.39,0.1477272727,159848.700941896,,-25.66,0.2166666667,244196.960512042,-29.68,0.1710526316,187598.613894798,,-17.09,0.164556962,179793.110440596,-17.39,0.1911764706,212174.519943636,,,,,,,
17,-17.74,0.1609195402,175448.677506193,-18.11,0.175,192371.892647456,,-10.33,0.2295081967,260726.262463253,-9.97,0.1666666667,182321.556793955,14,-8.23,0.175,192371.892647456,-8.44,0.1590909091,173271.721274037,,-25.66,0.2333333333,265703.165733006,-29.68,0.1842105263,203598.95524124,,-17.17,0.1772151899,195060.582571384,-17.4,0.2058823529,230523.658611832,,,,,,,
18,-17.81,0.1724137931,189241.999638528,-18.13,0.1875,207639.364778244,,-10.38,0.2459016393,282232.467684216,-9.97,0.1785714286,196710.294246054,15,-8.29,0.1875,207639.364778244,-8.58,0.1704545455,186877.373329815,,-25.75,0.25,287682.072451781,-29.77,0.1973684211,219859.47611302,,-17.33,0.1898734177,210564.76910735,-17.49,0.2205882353,249215.791623985,,,,,,,
19,-18.02,0.183908046,203228.241613268,-18.19,0.2,223143.55131421,,-10.48,0.262295082,304211.374402992,-10.13,0.1904761905,211309.093667207,16,-8.29,0.2,223143.55131421,-8.69,0.1818181818,200670.695462151,,-25.84,0.2666666667,310154.928303839,-29.93,0.2105263158,236388.77806423,,-17.35,0.2025316456,226313.126075489,-17.77,0.2352941176,268263.986594679,,,,,,,
20,-18.24,0.1954022989,217412.876605225,-18.44,0.2125,238891.908282349,,-10.48,0.2786885246,326684.23025505,-10.13,0.2023809524,226124.179452348,17,-8.32,0.2125,238891.908282349,-8.73,0.1931818182,214656.937436891,,-25.86,0.2833333333,333144.446528538,-29.93,0.2236842105,253195.896380612,,-17.38,0.2151898734,242313.46742193,-18.02,0.25,287682.072451781,,,,,,,
21,-18.52,0.2068965517,231801.614057324,-18.46,0.225,254892.24962879,,-10.51,0.2950819672,349673.748479749,-10.17,0.2142857143,241162.056816888,18,-8.32,0.225,254892.24962879,-8.75,0.2045454545,228841.572428848,,-26.01,0.3,356674.943938732,-30.03,0.2368421053,270290.329739912,,-17.4,0.2278481013,258573.98829371,-18.01,0.2647058824,307484.699747961,,,,,,,
22,-18.65,0.2183908046,246400.413478477,-18.49,0.2375,271152.77050057,,-10.74,0.3114754098,373204.245889943,-10.35,0.2261904762,256429.528947676,19,-8.34,0.2375,271152.77050057,-8.77,0.2159090909,243230.309880947,,-26.16,0.3166666667,380772.495517793,-30.12,0.25,287682.072451781,,-17.4,0.2405063291,275103.290244921,-18.06,0.2794117647,327687.40706548,,,,,,,
23,-18.65,0.2298850575,261215.499263618,-18.68,0.25,287682.072451781,,-10.78,0.3278688525,397301.797469004,-10.53,0.2380952381,271933.715483642,20,-8.44,0.25,287682.072451781,-8.87,0.2272727273,257829.1093021,,-26.16,0.3333333333,405465.108108164,-30.14,0.2631578947,305381.649551182,,-17.49,0.253164557,291910.408561302,-18.32,0.2941176471,348306.694268216,,,,,,,
24,-18.74,0.2413793103,276253.376628158,-18.7,0.2625,304489.190768162,,-10.83,0.3442622951,421994.410059375,-10.54,0.25,287682.072451781,21,-8.44,0.2625,304489.190768162,-8.89,0.2386363636,272644.19508724,,-26.67,0.35,430782.916092454,-30.2,0.2763157895,323400.15505386,,-17.73,0.2658227848,309004.841920602,-18.36,0.3088235294,369360.103466048,,,,,,,
25,-18.74,0.2528735632,291520.848758947,-18.98,0.275,321583.624127462,,-11.07,0.3606557377,447312.218043665,-10.63,0.2619047619,303682.413798222,22,-8.45,0.275,321583.624127462,-8.94,0.25,287682.072451781,,-26.89,0.3666666667,456758.402495715,-30.25,0.2894736842,341749.293722057,,-17.74,0.2784810127,326396.584632471,-18.37,0.3235294118,390866.308687012,,,,,,,
26,-18.75,0.2643678161,307025.035294912,-19.32,0.2875,338975.366839332,,-11.07,0.3770491803,473287.704446925,-10.66,0.2738095238,319942.934670002,23,-8.54,0.2875,338975.366839332,-8.97,0.2613636364,302949.544582569,,-26.91,0.3833333333,483426.649577876,-30.31,0.3026315789,360441.426734209,,-17.79,0.2911392405,344096.161731872,-18.37,0.3382352941,412845.215405787,,,,,,,
27,-18.99,0.275862069,322773.392263051,-19.34,0.3,356674.943938732,,-11.11,0.393442623,499955.951529087,-10.79,0.2857142857,336472.236621213,24,-8.61,0.3,356674.943938732,-8.97,0.2727272727,318453.731118535,,-27.05,0.4,510825.623765991,-30.33,0.3157894737,379489.621704904,,-17.96,0.3037974684,362114.667234551,-18.58,0.3529411765,435318.071257846,,,,,,,
28,-19.04,0.2873563218,338773.733609492,-19.51,0.3125,374693.449441411,,-11.14,0.4098360656,527354.925717201,-10.81,0.2976190476,353279.354937594,25,-8.75,0.3125,374693.449441411,-9,0.2840909091,334202.088086674,,-27.68,0.4166666667,538996.500732687,-30.35,0.3289473684,398907.707562005,,-18,0.3164556962,380463.805902747,-18.64,0.3676470588,458307.589482544,,,,,,,
29,-19.15,0.2988505747,355034.254481273,-19.69,0.325,393042.588109607,,-11.15,0.4262295082,555525.802683898,-10.83,0.3095238095,370373.788296894,26,-8.79,0.325,393042.588109607,-9.14,0.2954545455,350202.429433115,,-27.69,0.4333333333,567984.037605939,-30.37,0.3421052632,418710.334858185,,-18.02,0.3291139241,399155.9389149,-18.67,0.3823529412,481838.086892738,,,,,,,
30,-19.17,0.3103448276,371563.556432483,-19.73,0.3375,411734.72112176,,-11.19,0.4426229508,584513.33955715,-10.88,0.3214285714,387765.531008763,27,-8.79,0.3375,411734.72112176,-9.16,0.3068181818,366462.950304895,,-27.77,0.45,597837.00075562,-30.47,0.3552631579,438913.042175705,,-18.01,0.3417721519,418204.133885594,-18.67,0.3970588235,505935.638471799,,,,,,,
31,-19.36,0.3218390805,388370.674748864,-19.77,0.35,430782.916092454,,-11.27,0.4590163934,614366.302706831,-10.88,0.3333333333,405465.108108164,28,-8.82,0.35,430782.916092454,-9.17,0.3181818182,382992.252256106,,-27.94,0.4666666667,628608.659422374,-30.51,0.3684210526,459532.32937844,,-18.06,0.3544303797,437622.219742696,-18.77,0.4117647059,530628.25106217,,,,,,,
32,-19.43,0.3333333333,405465.108108164,-19.83,0.3625,450201.001949556,,-11.35,0.4754098361,645137.961373585,-10.91,0.3452380952,423483.613610843,29,-8.87,0.3625,450201.001949556,-9.24,0.3295454545,399799.370572487,,-28.15,0.4833333333,660357.357736955,-30.64,0.3815789474,480585.738576273,,-18.06,0.3670886076,457424.847038875,-18.81,0.4264705882,555946.05904646,,,,,,,
33,-19.54,0.3448275862,422856.850820034,-19.94,0.375,470003.629245736,,-11.35,0.4918032787,676886.659688165,-10.93,0.3571428571,441832.752279039,30,-8.94,0.375,470003.629245736,-9.26,0.3409090909,416893.803931787,,-28.5,0.5,693147.180559945,-30.66,0.3947368421,502091.943797236,,-18.11,0.3797468354,477627.554356395,-18.89,0.4411764706,581921.545449721,,,,,,,
34,-19.56,0.3563218391,440556.427919435,-20.04,0.3875,490206.336563255,,-11.37,0.5081967213,709676.482511156,-10.93,0.369047619,460524.885291192,31,-8.94,0.3875,490206.336563255,-9.3,0.3522727273,434285.546643656,,-28.52,0.5166666667,727048.732235627,-30.72,0.4078947368,524070.850516011,,-18.16,0.3924050633,498246.841559131,-18.91,0.4558823529,608589.792531882,,,,,,,
35,-19.65,0.367816092,458574.933422113,-20.06,0.4,510825.623765991,,-11.38,0.5245901639,743578.034186838,-11.06,0.380952381,479573.080261886,32,-8.94,0.4,510825.623765991,-9.33,0.3636363636,451985.123743057,,-28.71,0.5333333333,762140.052046897,-30.76,0.4210526316,546543.70636807,,-18.32,0.4050632911,519300.250756963,-19.08,0.4705882353,635988.766719997,,,,,,,
36,-19.69,0.3793103448,476924.072090309,-20.33,0.4125,531879.032963823,,-11.43,0.5409836066,778669.353998107,-11.14,0.3928571429,498991.166118988,33,-9,0.4125,531879.032963823,-9.35,0.375,470003.629245736,,-28.81,0.55,798507.696217772,-30.78,0.4342105263,569533.224592769,,-18.32,0.417721519,540806.455977927,-19.08,0.4852941176,664159.643686693,,,,,,,
37,-19.7,0.3908045977,495616.205102462,-20.33,0.425,553385.238184787,,-11.49,0.5573770492,815036.998168982,-11.29,0.4047619048,518793.793415168,34,-9,0.425,553385.238184787,-9.38,0.3863636364,488352.767913932,,-28.88,0.5666666667,836248.024200619,-30.78,0.4473684211,593063.722002963,,-18.36,0.4303797468,562785.362696702,-19.18,0.5,693147.180559945,,,,,,,
38,-19.77,0.4022988506,514664.400073157,-20.47,0.4375,575364.144903562,,-11.49,0.5737704918,852777.326151829,-11.29,0.4166666667,538996.500732687,35,-9.01,0.4375,575364.144903562,-9.38,0.3977272727,507044.900926085,,-28.94,0.5833333333,875468.7373539,-30.78,0.4605263158,617161.273582023,,-18.37,0.4430379747,585258.21854876,-19.19,0.5147058824,723000.143709626,,,,,,,
39,-19.83,0.4137931034,534082.485930258,-20.53,0.45,597837.00075562,,-11.51,0.5901639344,891998.039305111,-11.31,0.4285714286,559615.787935423,36,-9.04,0.45,597837.00075562,-9.4,0.4090909091,526093.095896779,,-29.04,0.6,916290.731874155,-30.97,0.4736842105,641853.886172395,,-18.5,0.4556962025,608247.736773459,-19.24,0.5294117647,753771.80237638,,,,,,,
40,-19.83,0.4252873563,553885.113226438,-20.63,0.4625,620826.518980319,,-11.6,0.606557377,932820.033825366,-11.31,0.4404761905,580669.197133255,37,-9.06,0.4625,620826.518980319,-9.42,0.4204545455,545511.181753881,,-29.15,0.6166666667,958850.346292951,-31.03,0.4868421053,667171.694156685,,-18.53,0.4683544304,631778.234183653,-19.24,0.5441176471,785520.50069096,,,,,,,
41,-19.92,0.4367816092,574087.820543957,-20.65,0.475,644357.016390514,,-11.61,0.6229508197,975379.648244162,-11.37,0.4523809524,602175.402354219,38,-9.08,0.475,644357.016390514,-9.45,0.4318181818,565313.809050061,,-29.15,0.6333333333,1003302.10886378,-31.09,0.5,693147.180559945,,-18.55,0.4810126582,655875.785762714,-19.27,0.5588235294,818310.323513951,,,,,,,
42,-19.94,0.4482758621,594707.107746693,-20.69,0.4875,668454.567969574,,-11.65,0.6393442623,1019831.410815,-11.39,0.4642857143,624154.309072994,39,-9.08,0.4875,668454.567969574,-9.51,0.4431818182,585516.51636758,,-29.15,0.65,1049822.12449868,-31.09,0.5131578947,719815.427642107,,-18.58,0.4936708861,680568.398353085,-19.34,0.5735294118,852211.875189633,,,,,,,
43,-20.04,0.4597701149,615760.516944525,-20.69,0.5,693147.180559945,,-11.67,0.6557377049,1066351.42644989,-11.41,0.4761904762,646627.164925053,40,-9.08,0.5,693147.180559945,-9.51,0.4545454545,606135.803570316,,-29.24,0.6666666667,1098612.28866811,-31.13,0.5263157895,747214.401830221,,-18.68,0.5063291139,705886.206337375,-19.41,0.5882352941,887303.195000903,,,,,,,
44,-20.23,0.4712643678,637266.722165489,-20.74,0.5125,718464.988544235,,-11.69,0.6721311475,1115141.59061932,-11.43,0.4880952381,669616.683149751,41,-9.1,0.5125,718464.988544235,-9.62,0.4659090909,627189.212768148,,-29.25,0.6833333333,1149905.58305566,-31.14,0.5394736842,775385.278796917,,-18.7,0.5189873418,731861.692740636,-19.49,0.6029411765,923670.839171778,,,,,,,
45,-20.27,0.4827586207,659245.628884264,-20.76,0.525,744440.474947496,,-11.73,0.6885245902,1166434.88500687,-11.49,0.5,693147.180559945,42,-9.14,0.525,744440.474947496,-9.62,0.4772727273,648695.417989112,,-29.49,0.7,1203972.80432594,-31.14,0.5526315789,804372.81567017,,-18.7,0.5316455696,758529.939822797,-19.5,0.6176470588,961411.167154625,,,,,,,
46,-20.28,0.4942528736,681718.484736323,-20.78,0.5375,771108.722029658,,-11.73,0.7049180328,1220502.10627715,-11.49,0.5119047619,717244.732139006,43,-9.16,0.5375,771108.722029658,-9.65,0.4886363636,670674.324707887,,-29.61,0.7166666667,1261131.21816588,-31.18,0.5657894737,834225.778819851,,-18.73,0.5443037975,785928.914010912,-19.52,0.6323529412,1000631.88030791,,,,,,,
47,-20.38,0.5057471264,704708.002961022,-20.87,0.55,798507.696217772,,-11.84,0.7213114754,1277660.5201171,-11.53,0.5238095238,741937.344729377,44,-9.17,0.55,798507.696217772,-9.65,0.5,693147.180559945,,-29.67,0.7333333333,1321755.83998232,-31.29,0.5789473684,864997.437486605,,-18.84,0.5569620253,814099.790977608,-19.54,0.6470588235,1041453.87482816,,,,,,,
48,-20.41,0.5172413793,728238.500371216,-20.87,0.5625,826678.573184468,,-11.87,0.737704918,1338285.14193353,-11.57,0.5357142857,767255.152713667,45,-9.19,0.5625,826678.573184468,-9.65,0.5113636364,716136.698784644,,-29.95,0.75,1386294.36111989,-31.36,0.5921052632,896746.135801185,,-18.86,0.5696202532,843087.32785086,-19.56,0.6617647059,1084013.48924696,,,,,,,
49,-20.41,0.5287356322,752336.051950276,-21.07,0.575,855666.110057721,,-11.89,0.7540983607,1402823.6630711,-11.6,0.5476190476,793230.639116928,46,-9.24,0.575,855666.110057721,-9.72,0.5227272727,739667.196194838,,-29.98,0.7666666667,1455287.23260684,-31.61,0.6052631579,929535.958624176,,-18.89,0.582278481,872940.291000542,-19.63,0.6764705882,1128465.25181779,,,,,,,
50,-20.51,0.5402298851,777028.664540648,-21.07,0.5875,885519.073207401,,-11.89,0.7704918033,1471816.53455805,-11.64,0.5595238095,819898.886199089,47,-9.24,0.5875,885519.073207401,-9.72,0.5340909091,763764.747773899,,-30.31,0.7833333333,1529395.20476056,-31.67,0.6184210526,963437.510299857,,-18.92,0.5949367089,903711.949667295,-19.7,0.6911764706,1174985.26745268,,,,,,,
51,-20.69,0.5517241379,802346.472524937,-21.22,0.6,916290.731874155,,-11.95,0.7868852459,1545924.50671178,-11.64,0.5714285714,847297.860387204,48,-9.27,0.6,916290.731874155,-9.73,0.5454545455,788457.36036427,,-30.35,0.8,1609437.9124341,-31.67,0.6315789474,998528.830111127,,-18.97,0.6075949367,935460.647981876,-19.75,0.7058823529,1223775.43162212,,,,,,,
52,-20.8,0.5632183908,828321.958928198,-21.25,0.6125,948039.430188735,,-11.99,0.8032786885,1625967.21438531,-11.69,0.5833333333,875468.7373539,49,-9.3,0.6125,948039.430188735,-9.73,0.5568181818,813775.16834856,,-30.51,0.8166666667,1696449.28942373,-31.72,0.6447368421,1034896.474282,,-19.14,0.6202531646,968250.470804866,-19.82,0.7205882353,1275068.72600967,,,,,,,
53,-20.83,0.5747126437,854990.206010359,-21.45,0.625,980829.253011726,,-12.09,0.8196721311,1712978.59137494,-11.71,0.5952380952,904456.274227152,50,-9.31,0.625,980829.253011726,-9.73,0.5681818182,839750.654751821,,-30.83,0.8333333333,1791759.46922806,-31.77,0.6578947368,1072636.80226485,,-19.14,0.6329113924,1002152.02248055,-19.84,0.7352941176,1329135.94727994,,,,,,,
54,-21.09,0.5862068966,882389.180198474,-21.61,0.6375,1014730.80468741,,-12.1,0.8360655738,1808288.77117927,-11.78,0.6071428571,934309.237376833,51,-9.31,0.6375,1014730.80468741,-9.76,0.5795454545,866418.901833982,,-30.89,0.85,1897119.98488588,-31.77,0.6710526316,1111857.51541813,,-19.22,0.6455696203,1037243.34229182,-19.86,0.75,1386294.36111989,,,,,,,
55,-21.1,0.5977011494,910560.05716517,-21.69,0.65,1049822.12449868,,-12.11,0.8524590164,1913649.28683709,-11.87,0.619047619,965080.896043587,52,-9.31,0.65,1049822.12449868,-9.77,0.5909090909,893817.876022096,,-31.24,0.8666666667,2014903.02054226,-31.82,0.6842105263,1152679.50993839,,-19.24,0.6582278481,1073610.98646269,-19.86,0.7647058824,1446918.98293633,,,,,,,
56,-21.12,0.6091954023,939547.594038423,-21.84,0.6625,1086189.76866955,,-12.24,0.868852459,2031432.32249348,-11.87,0.630952381,996829.594358167,53,-9.33,0.6625,1086189.76866955,-9.77,0.6022727273,921988.752988793,,-31.42,0.8833333333,2148434.41316679,-31.82,0.6973684211,1195239.12435718,,-19.34,0.6708860759,1111351.31444554,-19.88,0.7794117647,1511457.5040739,,,,,,,
57,-21.18,0.6206896552,969400.557188104,-22.02,0.675,1123930.0966524,,-12.33,0.8852459016,2164963.715118,-11.87,0.6428571429,1029619.41718116,54,-9.33,0.675,1123930.0966524,-9.82,0.6136363636,950976.289862045,,-31.9,0.9,2302585.09299405,-31.92,0.7105263158,1239690.88692802,,-19.43,0.6835443038,1150572.02759882,-19.93,0.7941176471,1580450.37556085,,,,,,,
58,-21.29,0.632183908,1000172.21585486,-22.08,0.6875,1163150.80980568,,-12.4,0.9016393443,2319114.39494526,-11.89,0.6547619048,1063520.96885684,55,-9.35,0.6875,1163150.80980568,-9.87,0.625,980829.253011726,,-32.56,0.9166666667,2484906.649788,-31.98,0.7236842105,1286210.90256291,,-19.52,0.6962025316,1191394.02211908,-20.01,0.8088235294,1654558.34771457,,,,,,,
59,-21.31,0.6436781609,1031920.91416944,-22.66,0.7,1203972.80432594,,-12.43,0.9180327869,2501435.95173921,-11.95,0.6666666667,1098612.28866811,56,-9.37,0.7,1203972.80432594,-9.95,0.6363636364,1011600.91167848,,-32.58,0.9333333333,2708050.20110221,-32.06,0.7368421053,1335001.06673234,,-19.55,0.7088607595,1233953.63653787,-20.01,0.8235294118,1734601.05538811,,,,,,,
60,-21.7,0.6551724138,1064710.73699243,-22.69,0.7125,1246532.41874473,,-12.63,0.9344262295,2724579.50305342,-12.11,0.6785714286,1134979.93283898,57,-9.48,0.7125,1246532.41874473,-9.97,0.6477272727,1043349.60999306,,-32.93,0.95,2995732.27355399,-32.13,0.75,1386294.36111989,,-19.68,0.7215189873,1278405.39910871,-20.01,0.8382352941,1821612.43237774,,,,,,,
61,-21.9,0.6666666667,1098612.28866811,-22.69,0.725,1290984.18131557,,-12.63,0.9508196721,3012261.5755052,-12.11,0.6904761905,1172720.26082183,58,-9.58,0.725,1290984.18131557,-9.97,0.6590909091,1076139.43281605,,-32.97,0.9666666667,3401197.38166216,-32.15,0.7631578947,1440361.58239017,,-19.84,0.7341772152,1324925.4147436,-20.17,0.8529411765,1916922.61218206,,,,,,,
62,-21.95,0.6781609195,1133703.60847938,-22.8,0.7375,1337504.19695046,,-12.68,0.9672131148,3417726.68361337,-12.16,0.7023809524,1211940.97397511,59,-9.58,0.7375,1337504.19695046,-9.99,0.6704545455,1110040.98449173,,-33.05,0.9833333333,4094344.56222209,-32.35,0.7763157895,1497519.99623012,,-19.9,0.746835443,1373715.57891303,-20.2,0.8676470588,2022283.12783989,,,,,,,
63,-22.05,0.6896551724,1170071.25265026,-22.86,0.75,1386294.36111989,,-12.69,0.9836065574,4110873.86417332,-12.19,0.7142857143,1252762.96849537,60,-9.58,0.75,1386294.36111989,-10,0.6818181818,1145132.304303,,-33.93,1,Err:502,-32.44,0.7894736842,1558144.61804655,,-19.91,0.7594936709,1425008.87330058,-20.3,0.8823529412,2140066.16349627,,,,,,,
64,-22.22,0.7011494253,1207811.5806331,-23.14,0.7625,1437587.65550744,,-12.71,1,Err:502,-12.22,0.7261904762,1295322.58291416,61,-9.58,0.7625,1437587.65550744,-10.03,0.6931818182,1181499.94847388,,,,0,-32.46,0.8026315789,1622683.13918412,,-20.17,0.7721518987,1479076.09457086,-20.47,0.8970588235,2273597.55612079,,,,,,,
65,-22.26,0.7126436782,1247032.29378638,-23.58,0.775,1491654.87677772,,,,0,-12.22,0.7380952381,1339774.345485,62,-9.67,0.775,1491654.87677772,-10.05,0.7045454545,1219240.27645672,,,,0,-32.56,0.8157894737,1691676.01067107,,-20.22,0.7848101266,1536234.50841081,-20.54,0.9117647059,2427748.23594805,,,,,,,
66,-22.3,0.724137931,1287854.28830664,-23.64,0.7875,1548813.29061767,,,,0,-12.28,0.75,1386294.36111989,63,-9.73,0.7875,1548813.29061767,-10.1,0.7159090909,1258460.98961001,,,,0,-32.69,0.8289473684,1765783.98282479,,-20.24,0.7974683544,1596859.13022724,-20.9,0.9264705882,2610069.79274201,,,,,,,
67,-22.4,0.7356321839,1330413.90272543,-23.71,0.8,1609437.9124341,,,,0,-12.31,0.7619047619,1435084.52528932,64,-9.74,0.8,1609437.9124341,-10.14,0.7272727273,1299282.98413026,,,,0,-32.71,0.8421052632,1845826.69049833,,-20.35,0.8101265823,1661397.65136481,-21,0.9411764706,2833213.34405622,,,,,,,
68,-22.46,0.7471264368,1374865.66529627,-24.07,0.8125,1673976.43357167,,,,0,-12.35,0.7738095238,1486377.81967687,65,-9.76,0.8125,1673976.43357167,-10.23,0.7386363636,1341842.59854906,,,,0,-32.81,0.8552631579,1932838.06748796,,-20.42,0.8227848101,1730390.52285176,-21,0.9558823529,3120895.416508,,,,,,,
69,-22.54,0.7586206897,1421385.68093116,-24.07,0.825,1742969.30505862,,,,0,-12.35,0.7857142857,1540445.04094715,66,-9.77,0.825,1742969.30505862,-10.24,0.75,1386294.36111989,,,,0,-32.83,0.8684210526,2028148.24729229,,-20.47,0.835443038,1804498.49500548,-21.03,0.9705882353,3526360.52461616,,,,,,,
70,-22.66,0.7701149425,1470175.84510059,-24.14,0.8375,1817077.27721235,,,,0,-12.41,0.7976190476,1597603.4547871,67,-9.82,0.8375,1817077.27721235,-10.24,0.7613636364,1432814.37675478,,,,0,-33.05,0.8815789474,2133508.76295011,,-20.52,0.8481012658,1884541.20267902,-21.42,0.9852941176,4219507.70517612,,,,,,,
71,-22.82,0.7816091954,1521469.13948814,-24.17,0.85,1897119.98488588,,,,0,-12.43,0.8095238095,1658228.07660353,68,-9.88,0.85,1897119.98488588,-10.27,0.7727272727,1481604.54092422,,,,0,-33.08,0.8947368421,2251291.79860649,,-20.52,0.8607594937,1971552.57966865,-22.17,1,Err:502,,,,,,,
72,-22.89,0.7931034483,1575536.36075842,-24.47,0.8625,1984131.36187551,,,,0,-12.43,0.8214285714,1722766.5977411,69,-9.93,0.8625,1984131.36187551,-10.29,0.7840909091,1532897.83531177,,,,0,-33.33,0.9078947368,2384823.19123102,,-20.54,0.8734177215,2066862.75947298,,,,,,,,,,
73,-23.17,0.8045977011,1632694.77459837,-24.69,0.875,2079441.54167984,,,,0,-12.45,0.8333333333,1791759.46922806,70,-9.93,0.875,2079441.54167984,-10.36,0.7954545455,1586965.05658204,,,,0,-33.4,0.9210526316,2538973.87105827,,-20.72,0.8860759494,2172223.2751308,,,,,,,,,,
74,-23.33,0.816091954,1693319.3964148,-24.85,0.8875,2184802.05733766,,,,0,-12.48,0.8452380952,1865867.44138178,71,-10.07,0.8875,2184802.05733766,-10.37,0.8068181818,1644123.47042199,,,,0,-33.68,0.9342105263,2721295.42785223,,-20.75,0.8987341772,2290006.31078719,,,,,,,,,,
75,-23.36,0.8275862069,1757857.91755237,-24.91,0.9,2302585.09299405,,,,0,-12.48,0.8571428571,1945910.14905531,72,-10.08,0.9,2302585.09299405,-10.43,0.8181818182,1704748.09223843,,,,0,-33.68,0.9473684211,2944438.97916644,,-20.76,0.9113924051,2423537.70341171,,,,,,,,,,
76,-23.6,0.8390804598,1826850.78903933,-25,0.9125,2436116.48561857,,,,0,-12.51,0.869047619,2032921.52604494,73,-10.1,0.9125,2436116.48561857,-10.46,0.8295454545,1769286.613376,,,,0,-33.72,0.9605263158,3232121.05161822,,-20.86,0.9240506329,2577688.38323897,,,,,,,,,,
77,-23.69,0.8505747126,1900958.76119305,-25.11,0.925,2590267.16544583,,,,0,-12.53,0.880952381,2128231.70584927,74,-10.2,0.925,2590267.16544583,-10.54,0.8409090909,1838279.48486295,,,,0,-33.83,0.9736842105,3637586.15972639,,-20.9,0.9367088608,2760009.94003292,,,,,,,,,,
78,-23.85,0.8620689655,1981001.46886658,-25.37,0.9375,2772588.72223978,,,,0,-12.58,0.8928571429,2233592.22150709,75,-10.27,0.9375,2772588.72223978,-10.59,0.8522727273,1912387.45701667,,,,0,-34,0.9868421053,4330733.34028633,,-20.9,0.9493670886,2983153.49134713,,,,,,,,,,
79,-24.31,0.8735632184,2068012.84585621,-25.49,0.95,2995732.27355399,,,,0,-12.63,0.9047619048,2351375.25716348,76,-10.33,0.95,2995732.27355399,-10.68,0.8636363636,1992430.16469021,,,,0,-34.25,1,Err:502,,-21.15,0.9620253165,3270835.56379891,,,,,,,,,,
80,-24.83,0.8850574713,2163323.02566054,-25.91,0.9625,3283414.34600577,,,,0,-12.68,0.9166666667,2484906.649788,77,-10.35,0.9625,3283414.34600577,-10.73,0.875,2079441.54167984,,,,,,,,,-21.62,0.9746835443,3676300.67190708,,,,,,,,,,
81,-25.18,0.8965517241,2268683.54131836,-26.39,0.975,3688879.45411394,,,,0,-12.71,0.9285714286,2639057.32961526,78,-10.43,0.975,3688879.45411394,-10.85,0.8863636364,2174751.72148416,,,,,,,,,-23.2,0.9873417722,4369447.85246704,,,,,,,,,,
82,-25.18,0.908045977,2386466.57697475,-26.6,0.9875,4382026.63467389,,,,0,-12.95,0.9404761905,2821378.88640921,79,-10.54,0.9875,4382026.63467389,-10.85,0.8977272727,2280112.23714199,,,,,,,,,-23.37,1,Err:502,,,,,,,,,,
83,-25.28,0.9195402299,2519997.96959927,-27.02,1,Err:502,,,,0,-12.95,0.9523809524,3044522.43772342,80,-10.9,1,Err:502,-10.87,0.9090909091,2397895.27279837,,,,,,,,,,,,,,,,,,,,,
84,-25.41,0.9310344828,2674148.64942653,,,0,,,,0,-13.05,0.9642857143,3332204.51017521,81,,,0,-10.88,0.9204545455,2531426.66542289,,,,,,,,,,,,,,,,,,,,,
85,-25.46,0.9425287356,2856470.20622048,,,0,,,,0,-13.07,0.9761904762,3737669.61828336,82,,,0,-10.9,0.9318181818,2685577.34525015,,,,,,,,,,,,,,,,,,,,,
86,-25.94,0.9540229885,3079613.75753469,,,0,,,,0,-13.11,0.9880952381,4430816.79884332,83,,,0,-10.92,0.9431818182,2867898.90204411,,,,,,,,,,,,,,,,,,,,,
87,-25.97,0.9655172414,3367295.82998648,,,0,,,,0,-13.31,1,Err:502,84,,,0,-11.02,0.9545454545,3091042.45335832,,,,,,,,,,,,,,,,,,,,,
88,-26.18,0.9770114943,3772760.93809465,,,0,,,,,,,,85,,,0,-11.05,0.9659090909,3378724.5258101,,,,,,,,,,,,,,,,,,,,,
89,-26.72,0.9885057471,4465908.11865458,,,0,,,,,,,,86,,,0,-11.08,0.9772727273,3784189.63391826,,,,,,,,,,,,,,,,,,,,,
90,-26.86,1,Err:502,,,0,,,,,,,,87,,,0,-11.53,0.9886363636,4477336.81447821,,,,,,,,,,,,,,,,,,,,,
,,,,,,,,,,,,,,88,,,0,-11.55,1,Err:502,,,,,,,,,,,,,,,,,,,,,
